gstin,name,state
25qEME10635DZ7,Bailey LLC,Idaho
05Lqvl70327iZ6,Keller LLC,New Jersey
39lxKa51208nZ6,Lewis-Cortez,Delaware
87OMKX68644WZ4,Edwards LLC,New Hampshire
40Hblc63660KZ5,Wilson Inc,Arkansas
72EmWR05665LZ4,Harris-Morris,Ohio
93NGBI15327IZ0,Cantrell Inc,Wyoming
59GpmF35288bZ3,Hansen-Hamilton,South Dakota
30PrHb19783UZ4,"Mata, Mills and Sims",Georgia
61cXrT58079tZ6,Roberson Group,Ohio
70yVcC65456tZ6,Snyder-Braun,Nevada
34ZnzD87385zZ9,Wagner-Williams,Indiana
16xFUq46611cZ8,"Calhoun, Singleton and Terry",Louisiana
21rFbu32928mZ8,Bennett-Guerrero,Idaho
38odlo86584yZ3,Hernandez Group,Nevada
88Dbyi30842RZ7,"Thompson, Bradley and Chung",Florida
52kRPJ73506cZ3,"Turner, Howard and Page",West Virginia
86gflK19806UZ2,"Campbell, Salinas and Bailey",West Virginia
31wznq89399cZ1,"Smith, Jackson and Horne",Idaho
49ELEU32127HZ9,Porter-Taylor,Louisiana
56Trem69890LZ9,"Reed, Sullivan and Fox",Nebraska
54ifgt21692qZ9,"Lopez, King and Allen",Indiana
18AfHP63416JZ1,"Pineda, Conner and Greene",Colorado
25mbLX75451dZ1,Meza Group,Kansas
48hDoc92748dZ0,"Johnson, Rhodes and Johnson",Florida
81uQeA78791VZ1,Little-Farmer,Massachusetts
38jPak45230tZ2,Taylor-Wood,Washington
27mtTq62091xZ1,Parker and Sons,Maryland
58TrHD49795DZ8,"Woods, Reed and Berry",Montana
53aFFl07326JZ8,"Smith, Alvarado and Solomon",Oklahoma
15dbjm96631oZ2,"Preston, Collins and Griffin",New Hampshire
73qatE53155NZ4,Walker PLC,Maryland
65PvQi33588hZ3,Stewart Group,Missouri
71OxNF69993RZ7,Parker LLC,Kentucky
20qVXc41696VZ1,Larsen-Mccann,West Virginia
95PSdC99145IZ7,Thomas LLC,Massachusetts
92tZFq27187UZ3,"Perez, Martinez and Washington",Illinois
54mMEf16018SZ8,"Hill, Foster and Richardson",Rhode Island
33eGQB74370JZ4,Robinson-Clark,Iowa
86oYYX24642WZ7,King LLC,Delaware
83XkMS09391SZ2,"Smith, Simmons and Williams",Utah
75ntcX87353DZ1,"Ward, Pruitt and Montes",Wyoming
22wJVw92984lZ2,Ingram-Brown,Rhode Island
71guuD25535VZ9,Davis-Cherry,Texas
02jEaV97910zZ5,Brown-Booker,California
96FVRl77296LZ9,Smith-Fowler,Kentucky
68pUEy08045xZ6,Finley Ltd,Tennessee
98ogmG23767uZ3,Daniels-Vazquez,Oregon
37mGLv90649xZ6,Alvarez-Avery,Virginia
95qrKV12417QZ7,White and Sons,Rhode Island
03OILC38201YZ9,Carrillo LLC,Iowa
64ZndU96704IZ9,Greer-Padilla,Pennsylvania
76JBlr88649nZ4,Perry Inc,Virginia
88kkau56046SZ4,"Mcgee, Davidson and Thompson",Utah
21mOik94310mZ3,Dawson-Miller,Missouri
56RiXJ29300GZ9,Brown-Russell,California
92zasY26230FZ2,"Lyons, White and Stanley",Virginia
79ABsR72082dZ6,"Lewis, Bennett and Sims",Ohio
48qngM09756dZ0,Aguilar-Baker,Texas
50BpkG34585gZ6,"Stephenson, Gentry and Benson",Nevada
25jHxf60500tZ1,Price-Morris,Ohio
97edol45538yZ6,Alvarez Ltd,Minnesota
68RJqL57602pZ3,"Smith, Murphy and Brown",New York
11fyjD01194EZ8,"Jennings, Meyer and King",South Carolina
67bvfX98249UZ1,Scott-Rose,South Carolina
14bYmi49948iZ3,Johnson-Sullivan,Kentucky
11iaut95099gZ6,Foley-Velez,Rhode Island
39nTuT29824SZ5,"Miller, Herrera and Glover",Virginia
61edLI93652zZ1,Nguyen-Miller,Ohio
12SIre58494iZ8,Walker Group,Vermont
22KKmG92472aZ0,Downs-Johnson,Ohio
16Xbnw56696CZ0,Noble Ltd,Delaware
78uSWW03552mZ0,"Bonilla, Griffin and Howard",Kentucky
24rNdI66173eZ6,Kelley-Owens,Michigan
25yERF40614NZ4,"Fernandez, Carpenter and Baker",Indiana
74yVpk12367aZ1,"Hernandez, Wright and Mason",Connecticut
28tpem00924DZ1,Kim Ltd,Texas
66anUG91932KZ0,Brown-Buchanan,New Jersey
72eYPC83341aZ1,Thompson-Guerrero,Missouri
06NGfZ87122cZ4,Baker-Johnson,Tennessee
79CezW44498UZ8,Fleming and Sons,New Jersey
71uYRh91112rZ5,Smith Group,Maine
89QDoN54467VZ8,Foster-Sanchez,North Carolina
78YZai83552eZ1,"Pratt, Russell and Lee",West Virginia
05VAuc21703WZ1,"Frederick, Rodriguez and Flores",Iowa
48piUU72161aZ9,"Hall, Jefferson and Powell",New Mexico
90PGuA23277kZ6,"Martinez, Jackson and Moreno",North Carolina
01iVAo65853CZ0,Wade-Miller,Iowa
23TypH15761EZ8,Bush Inc,New Jersey
80aNNi79553sZ6,Murphy LLC,Washington
88vVna91350cZ3,Whitaker-Garcia,Rhode Island
78ClZz51236AZ0,"Miller, Smith and White",Montana
74wtfX98882qZ4,"Flowers, Webb and Whitaker",Alabama
40FVIE17882HZ8,Sanchez PLC,Delaware
16juLm32353bZ4,"Hill, Sanchez and Lopez",Alabama
86XKdi02752cZ1,"Hill, Perry and Webb",Kentucky
60ZLNR83051SZ8,Goodman-Leonard,North Dakota
08ywxr33311jZ5,Ortiz-Hughes,North Dakota
14WNiq93230QZ6,Ballard-Rodriguez,Nebraska
44FjhT26603OZ5,Stevens-Thomas,Massachusetts
44KjEz33759RZ8,Stewart Ltd,Illinois
68NmdY60386YZ2,Davis-Wright,Nevada
83BAMJ12615jZ6,Lee LLC,Connecticut
47vhQo89178XZ5,Cole Ltd,Kansas
75KVnk39538oZ9,"Klein, Bentley and Thomas",New Jersey
91bblz60068xZ4,"Perry, Meyer and Moss",Arkansas
09pplp05886UZ3,"Khan, Ellis and Barnes",Louisiana
36KmQD51430fZ6,Bradshaw LLC,Texas
69edFn67842kZ3,Snyder-Morrison,New Mexico
47cuzX71918AZ1,"Johnson, Gonzales and Castillo",Wyoming
26GlCl73429zZ6,Paul Ltd,Nebraska
07HPom02449nZ4,Houston-Baker,Nevada
87upSF17409rZ9,"Spence, Bush and Hodges",Connecticut
66Xsjt34944TZ4,Hayes Ltd,Minnesota
60LoZT86746MZ4,Hill-Johnson,Montana
38OXwq99935HZ9,Mitchell-Carr,Oklahoma
05WIDE40735gZ2,White PLC,Indiana
06sGFS15631qZ8,Brooks PLC,New Jersey
64BvTS31340FZ6,Wise Group,Pennsylvania
63bxZj46229sZ9,"Juarez, Miller and Patton",Alaska
64qXfa12882QZ5,Johnson-Hogan,Connecticut
95SLuz08325JZ5,Brooks-Hurst,Minnesota
72rOeA23995IZ7,Atkins Ltd,Michigan
18qCFh12925MZ4,"Goodman, Mcintyre and Harris",Indiana
48pkgp44476yZ1,"Brown, Simon and Robinson",West Virginia
09ATzr93558KZ8,"Nolan, Carlson and Gomez",Virginia
03pxdz55158XZ6,Cunningham-Jones,Georgia
76FnlE93061BZ0,Ramirez-Hampton,Oklahoma
07QGrm89645tZ3,Walker-Hernandez,Rhode Island
38tUOw83036SZ5,Perry-Chavez,New York
50duyX84807eZ0,"Weaver, Adams and Cunningham",Maine
50FGLS34164vZ0,Chase Group,Virginia
80EQCA61710KZ6,Rodriguez-Patel,Montana
54Zmxz44941dZ9,"Hall, Johnson and Lewis",Illinois
01zTkl97098AZ9,Landry and Sons,South Dakota
94LWht17951FZ0,"Taylor, Moody and Jackson",Wyoming
00qQhU22461VZ6,"Schwartz, Good and Olson",Wisconsin
81JbJs71787cZ6,Brown-Green,Oklahoma
93AanX68281fZ2,"Newman, Wilcox and Rhodes",Nebraska
39yceQ69159iZ4,Lopez-Salinas,Connecticut
26eqAY84470FZ9,Johnson-Mack,Nebraska
71Bwog06880iZ2,Castillo-Williams,Michigan
55rcNC70547UZ5,Booth-Manning,California
52mVzJ22802EZ5,Skinner and Sons,Maine
78EGaQ48136gZ7,"Cook, Jones and Espinoza",South Carolina
26gafi22393WZ6,Ferguson-Ward,Virginia
23ULhs20108oZ6,Duncan-Reed,Oklahoma
22fhYI85958zZ1,"Smith, Powers and Whitehead",Pennsylvania
57OwoT14272WZ5,"Munoz, Wolfe and Barnes",Arkansas
31wVkj29083LZ6,Skinner-Perez,California
78cjpD08304fZ3,Bishop-Lynch,Nebraska
42NpSi95695FZ2,"Hobbs, Cook and Garcia",Iowa
55UNGn35967qZ6,Bailey Inc,Massachusetts
58VpEE02155SZ8,Reese-Smith,Iowa
20YIAO67826uZ0,Williams Group,Pennsylvania
93vjUz79358rZ8,"Graham, Mccarty and Bell",Vermont
68Ycpd13872NZ6,Smith-Stone,Arkansas
48rANS83769hZ8,"Jordan, Gross and Richardson",Missouri
26kFJo36541SZ8,"Sanchez, Carpenter and Harris",South Carolina
35PBuU97094lZ9,Luna LLC,Georgia
11cyJh50623cZ6,"Cervantes, Martinez and Salinas",Hawaii
96ygnP10295iZ2,Russell LLC,Georgia
63cMzy60164HZ2,"Boyer, Butler and Colon",Maryland
64dORj24692AZ3,Robbins PLC,Idaho
88HkCt93386UZ4,Nelson-Lindsey,New Mexico
56sRmr96388gZ9,"Campbell, Perez and Nelson",Mississippi
02WoDa11250BZ0,"Wilson, Rojas and Fisher",South Carolina
08HDMN27074YZ4,Bryant LLC,Oregon
87DQFD28049yZ8,Neal Ltd,North Dakota
19NBsz37963NZ9,Henderson LLC,Montana
55PcUO03371VZ7,"Hernandez, Brown and Holmes",Indiana
42uLvo41925AZ3,"Lopez, Garcia and Rivera",Massachusetts
69CTXL12388cZ7,Burke LLC,Indiana
90EUWe03741WZ6,Santiago-Anderson,Iowa
29KSBs84652jZ1,Sanchez Group,Idaho
62CIld09669XZ3,Rangel Group,Michigan
39BQFH78992gZ1,Moore-Scott,Nebraska
35fgLI65667dZ8,Byrd Group,Missouri
55tfQq09696BZ9,"Turner, Jones and Thomas",Idaho
35TYRA33588rZ1,"Cross, Giles and Richardson",Texas
11spnO97866GZ3,Bryant-White,Nebraska
39yRSB91817iZ1,Wu Group,Ohio
00BbWJ71133FZ2,Logan-Jones,Georgia
51KRTB83252zZ4,Anderson PLC,Alabama
11nmPv34412yZ6,"Williams, Jackson and Kelly",Kentucky
67lgpY01757sZ7,Henry-Garcia,Mississippi
70XXCS61879rZ8,Ryan-Watts,Louisiana
38eoBB04666kZ9,Martin-Cain,Iowa
32GOPk03661EZ8,Stuart and Sons,Kentucky
45yawy67776dZ3,"Williams, Hall and Macias",Montana
53zMhe09359FZ3,Delacruz-Dorsey,Ohio
98lbRU19802UZ5,"Williams, Johnson and Rios",Georgia
06fxbZ47378sZ3,Stephens PLC,Oregon
22pMst60691cZ2,Stewart LLC,Ohio
29bhzS45899xZ6,Hudson Group,Montana
96kYXg29979fZ3,"Heath, Campos and Roberts",Delaware
16Tpht16985yZ4,Fisher-Ali,Vermont
53fqZj16376vZ4,Coleman-Landry,Washington
17IImJ99771oZ5,"Johnson, Armstrong and Henderson",Mississippi
39zhaP53952aZ4,Woods-Ward,Arkansas
74mjEE84729yZ0,"Hobbs, Wilson and Carter",Montana
20jkud55620pZ6,Dunn Group,Washington
77uRIY60355EZ5,Branch-Reynolds,Pennsylvania
58vRFM63316lZ6,Myers Ltd,Arkansas
62qasP48244SZ7,Wilson Group,Georgia
52gKST29865uZ4,Kidd-Taylor,Tennessee
36AZpw17301IZ2,Wiley PLC,New Jersey
54vmvN12448dZ0,"Park, Brooks and Ruiz",Arizona
77UAUE92127bZ2,"Stephenson, Lowery and Wright",Wyoming
43SFNf52573kZ9,West Inc,Utah
20OsZB78386SZ2,"Thomas, Lyons and Harper",Arizona
36WQnV02558NZ7,"Brown, Bass and Robinson",Delaware
59qkQi27526iZ6,Kelly-Edwards,California
52Eflr55429oZ3,"Perry, Turner and Calderon",Hawaii
74Dlxb73832dZ1,Smith-Rodgers,Indiana
00sjGJ39413lZ1,Thomas-Bullock,Tennessee
85Cxip74760uZ7,Ramirez LLC,Alabama
01pNwE17281PZ5,Allen-Reid,Montana
96FfpY79250HZ2,Johnson-Crawford,Nebraska
75CCqT63479EZ4,"Morris, Brown and Fisher",Texas
61icKp49202KZ0,"Long, Henderson and Murphy",Pennsylvania
96XBNL90682AZ3,Bauer-Nelson,Maine
77txoy17340qZ1,Barrett-Taylor,Kansas
34dBsv41200NZ8,"Reyes, Adams and Kelly",Utah
64mEip60686WZ0,"Benton, Hoffman and Marshall",Illinois
78cGFg01767jZ7,Cameron-Flores,Indiana
29NfWP69375eZ9,"Levine, James and Kirk",Florida
75fssf82632OZ3,"Wells, Peters and Coleman",Nevada
30gZFr41292mZ4,Sanders PLC,Texas
78kzcB53043FZ6,"Owen, Williams and Jimenez",New York
64QDNk34164gZ4,Nichols Inc,Ohio
99wfil19985sZ0,Williams Group,South Dakota
23HFjo64734AZ2,Jacobs-Lewis,Iowa
44HxZy51141KZ0,Smith PLC,Ohio
28ZnaJ98237RZ5,Arias-Levine,New York
21rQeC42192VZ3,Floyd LLC,Delaware
14DbyV16216SZ5,"Gross, Taylor and Bonilla",Kansas
96swUv53902FZ8,"Johnson, White and Moon",Nebraska
16vdrd77675WZ4,Estrada-Andrews,Missouri
89QgEA81588UZ1,Callahan-White,Delaware
24wEnm88714MZ8,Ramsey Group,South Carolina
45qbTW99466yZ5,Martinez-Hamilton,Ohio
96IVKR04592PZ2,Medina-Jones,Mississippi
55FEyn11262tZ6,"Lozano, Dean and Parker",Wyoming
17nhzK57655qZ0,Harrison Inc,Alaska
01veKv74401DZ2,"Jenkins, Cox and Wilson",Louisiana
98jFtP10630SZ3,Castillo-Jones,Maryland
68hRnK54755fZ0,"Roberts, Noble and Brown",Tennessee
20kZmM24242xZ8,Ross-Wu,Utah
50faoW78282yZ0,"Oliver, Herman and Salazar",Maine
01UvSf42947WZ3,Duncan Inc,Oklahoma
39aVnz11613mZ3,Salinas LLC,Connecticut
76EPBq90928HZ0,Moreno and Sons,Arkansas
46mctm99217iZ0,Ferguson Group,Arkansas
25iiAu72413YZ7,"Shelton, Tran and Garcia",Wyoming
43kHaM76609sZ3,Wagner and Sons,Louisiana
82gODj81061VZ9,Travis-Maldonado,Nebraska
00HEhn48080DZ3,Fisher Ltd,Maryland
03SLFT03474GZ6,Hale-Davis,Pennsylvania
35hTYr06161aZ7,"Oliver, Miles and Atkins",North Carolina
66swiT46789rZ8,Pollard LLC,Georgia
06Gnqc74236gZ2,Brown Ltd,Michigan
00JBuT08718YZ8,Johnson-Webb,New York
60PWLC47353UZ0,"Gonzales, Myers and Hale",California
28DjFM84447SZ1,Collins Inc,Minnesota
98vMnh86938ZZ6,Jacobs Inc,Wyoming
40Ebwx93755OZ7,"Williams, Hawkins and Newman",Rhode Island
81kdQz90290rZ4,"Ford, Smith and Thomas",Minnesota
76CcTK55985cZ7,White PLC,New Jersey
94ebED18554dZ8,Mora-Barker,Pennsylvania
22eoVG43641RZ6,"Mcclure, Holmes and Ryan",Hawaii
65Vnts35617WZ9,Gardner and Sons,Kentucky
08cVmf05582aZ5,"Garcia, Ryan and Cook",Arizona
41Tlif11279eZ2,Williams PLC,Mississippi
71hkvY27699hZ9,"Singleton, Mejia and Graham",Hawaii
02tjkx18406rZ3,"Jordan, Avery and Green",Kentucky
72zgwr69323oZ5,"Griffith, Johnson and Wilson",Idaho
45VtlW98083aZ0,Beasley LLC,Massachusetts
84BVnO41912HZ4,Miller-Shaw,South Dakota
14kcVd35934uZ6,Rollins LLC,Michigan
74otQe32489VZ2,Baird-Ross,Oklahoma
79WWDe75723AZ7,Bell-James,Iowa
93HQXQ25595QZ0,"Henderson, Hammond and Shaw",Georgia
33omwv93741gZ0,"Church, Greene and Molina",Nevada
70eCUW60297tZ3,"Ford, Silva and Watkins",Pennsylvania
35zRtV01214DZ9,"Collins, Davis and Scott",Iowa
71QOgH61637aZ7,"Daniel, Jones and Watkins",North Carolina
68rfEM73021qZ5,Chandler Group,Oklahoma
55RRnK24580iZ0,James Ltd,Florida
77AUWF66339MZ8,Espinoza-Miller,Minnesota
49kbvb68497sZ0,Prince Ltd,Wyoming
52pgZl62947SZ9,"Kelly, Madden and Allen",Vermont
04YhSo46760OZ7,"Weeks, Lloyd and Chavez",Rhode Island
58laFN26531MZ5,Smith and Sons,Georgia
37OtYC05080JZ7,Carpenter-Dennis,California
91HqDz49570pZ2,Knight LLC,Vermont
06LaHj10459aZ6,"Petty, Brady and Green",Virginia
47VrGh15103XZ4,"Joyce, Webb and Vaughn",Massachusetts
78WGgJ68279vZ6,"Hobbs, Warren and Fields",Nebraska
83EOyv65832fZ6,Davis-Howard,Kentucky
27ZHHv14320zZ5,Bennett Ltd,Mississippi
65fmZE98080eZ0,Villarreal LLC,Arizona
42AOVI09449zZ0,Harrison-Harrison,North Dakota
83dyhP45590xZ5,Phillips PLC,Tennessee
22OEUQ82074eZ3,Rojas PLC,Idaho
55lGGP59044mZ6,"Lloyd, Hamilton and Nguyen",Idaho
46oPOy25448uZ2,"Brown, Ross and Smith",Texas
03hPjT23671aZ5,"Taylor, Perez and Mitchell",Texas
52OGMG87584GZ2,Owens-Summers,Nebraska
97zqjC86088DZ8,Jackson LLC,Colorado
21tUhs24310jZ6,"Gibson, Aguilar and Johnson",Tennessee
46stGa31957gZ7,"Owens, Smith and Sutton",Kansas
49lPfX36080wZ9,Nielsen-Ward,New Jersey
65KyZG06284ZZ3,Kirby Ltd,Washington
82cLiS48678bZ3,Bennett-White,New Jersey
66uzor12686YZ1,"Moore, Jones and Cooper",Maryland
38RXoB21158TZ5,Hunt-Pope,North Carolina
72DJxB60481iZ8,Long Ltd,New Jersey
61CILN18217rZ9,Herrera-Lee,Missouri
83EeaU57497YZ0,Blair PLC,Georgia
74Avec47845TZ5,"Wilson, Stone and Williams",New Mexico
08laHq91882tZ0,Stout-Garrison,Pennsylvania
54gjcU64012rZ9,Hart and Sons,Michigan
33VHeA00830mZ9,Sanders Group,Minnesota
56ltXs62136JZ8,"Ibarra, Randolph and Harris",Idaho
45gkMe13523AZ1,"Patel, Jones and Schaefer",Montana
74Nfff78511IZ3,"Smith, Armstrong and Davis",Texas
01JrVQ05945yZ0,Miller-Rowe,Massachusetts
30aSEJ24658vZ5,Evans-Salazar,Nebraska
34YkzE49624EZ3,"Steele, Phillips and Knox",South Dakota
63HfYw28508YZ3,"Johnson, Blackwell and Cordova",North Carolina
10uFRV96971WZ0,Hernandez Ltd,Hawaii
41CNxM71952jZ0,Buckley and Sons,West Virginia
06DgPT41839zZ8,Scott-Torres,Nevada
90pRLg42834WZ0,Chapman Group,Alaska
15sdrk16558XZ8,"Harvey, Burke and Hogan",Illinois
35UFZI96914kZ8,Young-Diaz,South Carolina
85ouKi56337BZ8,Blair-Klein,Alaska
99nSdj43621zZ6,Walker-Sanchez,Tennessee
33fxUX66655eZ1,Johnson Inc,Kansas
33sZEX63112oZ6,Johnston-Miller,South Dakota
75cYxe45832BZ2,"Meyer, Haynes and Mccarty",Indiana
12Koxy41493dZ6,Evans-Lloyd,Wisconsin
75hiKX66370IZ7,Barnes-Parks,Indiana
16RVLp52995hZ6,Novak LLC,Oklahoma
16Cjlm97134vZ0,Giles-Marquez,New Hampshire
91nTXF13837CZ4,"Johnson, Saunders and Hansen",Illinois
97TPAj87036OZ1,Haynes PLC,Hawaii
50DyZQ57344sZ9,"Rowe, Spencer and Martinez",Arkansas
63Ekhd60608fZ5,"Anderson, White and Snyder",Pennsylvania
12VrUG31130nZ2,Lopez-Rodriguez,Mississippi
29wRfq61178CZ6,"Greer, Pearson and Medina",Washington
39PQJt39312QZ4,"Howard, Hickman and Gonzalez",Nevada
38DgqK48706sZ2,Martin-Campbell,South Carolina
78feSF84812AZ3,Ball-Rogers,South Dakota
89tWqJ25600DZ8,"Tanner, Allen and Martin",Nevada
36JUaK36851AZ5,"Townsend, Hines and Kelly",Louisiana
29jhAI15885UZ0,Erickson-Fuller,South Dakota
14maDm13092CZ8,Cunningham-Rivera,Arkansas
05xBJq33988oZ1,Johnson-Rodgers,Washington
75ARtt11618GZ9,Harris-Salinas,Illinois
05tVic08396GZ7,"Phillips, Myers and Sanchez",Maryland
01gszS11368MZ9,Salazar-Johnson,Maine
34YMbe37222rZ8,Barber and Sons,Hawaii
47jRcE96076gZ3,Bean-Dunn,Florida
29gLcI60645jZ9,Hardy-Hall,Oregon
89rpAd35268RZ7,Wilcox-Jones,Hawaii
13tpyU56130JZ6,Robertson PLC,Iowa
53IurJ36753cZ7,Day-Smith,North Dakota
73kaXY06128qZ2,Beck Ltd,Delaware
52xIID70959MZ8,"Young, Payne and Ferguson",Wyoming
20fqzW14359DZ2,Olsen-Conner,Missouri
66wzgH65390cZ9,"Rhodes, Gonzalez and Greer",Mississippi
03TFqU34199HZ0,"Peterson, King and Brown",Minnesota
50ZSTy36628HZ4,"Yoder, Hodges and Martinez",Tennessee
14ZZjz05031kZ8,"Brown, Hunt and Stein",Delaware
82UWKN78987iZ2,"Harmon, Graves and Smith",Maine
76uqCi16414BZ6,Bell Group,Kentucky
83ZFIa03349CZ1,"Hicks, Moore and Pope",Hawaii
79ebMz50521iZ3,"Byrd, Cooper and Ayala",New Jersey
13HQtV23521NZ4,Gonzalez and Sons,Alabama
31OdAh41865DZ0,Marshall and Sons,Utah
13umoZ80244LZ4,Martinez PLC,South Dakota
49hKMa94183sZ5,"Brown, Hodge and Brandt",Alabama
74hdpf05923yZ6,Duncan PLC,California
94fXPs75742iZ8,"Anderson, Ward and Sutton",New York
83BPNI71352pZ6,Richardson LLC,New York
47MvYg39695RZ8,Smith-Shelton,Indiana
87bZcN15979fZ3,"Flowers, Donaldson and Castillo",New Mexico
04bjCy81308uZ1,"Casey, Gay and Smith",Pennsylvania
36eGMd24767NZ0,Rodriguez-Herman,Arizona
10qLPi02464SZ2,Campos Ltd,Alabama
73eUXH56509YZ3,"Gonzalez, Tran and Martinez",Virginia
72JIuU67671GZ8,"Wallace, Graves and Flores",South Dakota
31UMZj57050jZ3,Pugh PLC,Arizona
89HuOU57023cZ0,"Reeves, Valentine and Davis",Alabama
16DCYz81966FZ0,Hill-Buckley,Hawaii
61PNpA96969UZ0,"Bates, Fuller and Perez",Alaska
95UTVv36323bZ4,Ryan-Lyons,Oregon
09GGWc07099ZZ3,Little LLC,Connecticut
94JeAB73810pZ5,Chan PLC,Delaware
52MOqB49809OZ6,"Smith, Mendez and Turner",Tennessee
34gZDd65027KZ9,Johnson and Sons,Wisconsin
88Izgh89477CZ6,Jones-Henry,Kansas
89dlud82961YZ1,"Roberts, Conway and Shaw",South Carolina
54PGNn44291fZ7,"Vargas, Love and Pope",California
96XhwL38987kZ3,Dixon-Hutchinson,Oklahoma
36Sdlq49136hZ2,Knight-Alvarez,Montana
62BUoT62650VZ1,Burnett Ltd,Alaska
07yUvp41265VZ2,"Johnson, Walton and Smith",California
69kOip57522hZ4,"Parker, Hall and Serrano",Iowa
27gvYE67357qZ4,Carter-Sanchez,Wisconsin
32awNb12732oZ7,Stone Ltd,North Carolina
66aaHR93917xZ5,Ward and Sons,Indiana
52EBTr59578YZ9,"Vincent, Jackson and Ruiz",North Dakota
63NSPX61200yZ9,"White, Jacobs and Sandoval",Arizona
27HXUo86579JZ6,"Knight, Ramirez and Smith",Georgia
83PMnP63026rZ2,Peterson Inc,Colorado
74cKLz47648YZ5,Hernandez-Lewis,South Carolina
19diih27459RZ9,"Warren, Holmes and Munoz",North Dakota
92hVBT32904NZ5,Crane and Sons,Texas
38iuuy18928NZ2,"Scott, Nguyen and Johnson",South Dakota
59tozB36530VZ7,Gallegos-Allen,Mississippi
09XXEy16472ZZ1,"Parks, Hobbs and Cuevas",Colorado
58Ygee72881JZ7,Alvarado-Robinson,Alaska
87BZzn15754QZ3,Brown-Stevens,Florida
98KMlk57341NZ8,Turner Ltd,California
79COan66254PZ3,"Hardy, Smith and Dennis",South Dakota
11Ctgi23437MZ7,"Anderson, Leblanc and Gregory",West Virginia
61HdUi73085AZ0,"Henderson, Patel and Gould",Tennessee
59GWRp70646yZ8,Smith LLC,Montana
72jLYe20338tZ1,Powell-Hamilton,Arizona
44Rcfm91470XZ8,"Martin, Smith and Bennett",New York
02QxjW34321rZ0,Woods-Morgan,Maine
68gRKX87293uZ3,Holloway LLC,Maryland
80BmUL29741zZ6,Moore-Martin,Oklahoma
33AgoG87570DZ9,"Wall, Vasquez and Hayes",Rhode Island
56MpCL14582YZ2,"Holt, Travis and Beck",Maryland
12RRns22388IZ9,Gutierrez Group,Montana
83vnAw87875aZ7,"Maldonado, Baker and Lewis",Indiana
26cBOG73657yZ8,Rodgers-Burke,Florida
02bijZ78553yZ2,Robinson Group,New Jersey
56IUYN81951cZ9,Hansen-Chapman,Idaho
51wmnB26243xZ6,Taylor-Smith,Iowa
22rIDm56218xZ6,Crawford-Smith,Arizona
99VPYi78704bZ5,"Stewart, Parker and White",North Dakota
67yOsi67786ZZ2,"Rivera, Bush and Brown",Minnesota
90kJOx44756JZ1,Vega-Norman,Nevada
18keBf38613RZ0,"Rodriguez, Collins and Wright",Hawaii
03Jmhx57093WZ9,Parker Group,Pennsylvania
08gJgo85913mZ8,"Dunn, Delgado and Morris",Oregon
93LVMw24627LZ2,West Inc,Arizona
83Jdhv76468PZ9,Nguyen-Dennis,Wisconsin
85gOqY36777EZ2,"Cummings, Hill and Brooks",Kentucky
66suBL38792UZ5,Cline-Berg,Michigan
12fUJP89793nZ9,Knight Inc,Maryland
30qRRJ37892XZ0,Buchanan Group,Maine
03roPr74598rZ7,Owens-Clark,Minnesota
85DAjf86178mZ3,"Carroll, Mayer and Peck",Montana
58BFnW29258LZ6,Garrison and Sons,Vermont
83nHoC02141UZ4,Riggs and Sons,Massachusetts
53rXRo64677pZ4,Brooks and Sons,Georgia
63EDHW55351PZ7,"Williams, Downs and Horn",Massachusetts
67MHhT85950vZ9,Wilson-Tucker,New Mexico
65WoDm53629GZ8,Goodman-James,Colorado
49ogZT08081BZ4,Ross PLC,Maryland
20Mdbd87735wZ7,Boyd Group,South Carolina
83rKNv44954mZ8,"Wagner, Hamilton and Scott",North Dakota
41saXq80858tZ5,"Smith, Baird and Waters",Arizona
09gPiX13357TZ4,Edwards-Cordova,Arizona
66hTNr80917GZ4,Anderson-Cardenas,Mississippi
56NGMZ70435CZ1,Roberts Group,Missouri
72njHu56423UZ7,Mora Group,New Hampshire
69ZMcE69251IZ1,"Hensley, Ross and Anderson",Connecticut
55XUrF97891fZ9,Hammond-Simon,Maryland
66hDSD09733KZ4,"Johnson, Terry and Lam",Arizona
20lXvv02892sZ3,Mckay-Hernandez,Tennessee
89dEWk66672BZ6,Levine-Thompson,Rhode Island
66Fike76351sZ6,"Kirk, Taylor and Nichols",Ohio
27IyIS69304SZ4,Morrow-Williams,Florida
99QMWn62865SZ6,Goodwin-Duarte,Utah
67lVHd07181FZ4,"Patterson, Kelly and Villarreal",Iowa
89devo23487TZ9,Allen LLC,New York
92QJtm83489rZ4,Thompson-Sparks,Pennsylvania
07BhXn85473OZ2,"Greene, Gonzalez and James",Mississippi
76CfgV38742DZ6,Campbell-Hill,Wisconsin
23fvvc16741DZ5,Edwards PLC,Iowa
26Iakm97287gZ7,Wright-Kim,New Hampshire
83srhc55431dZ7,Sanchez-Garza,Oregon
87BvWD94002mZ8,Jacobs LLC,Kentucky
29gBNo29431jZ5,Patel Inc,Mississippi
86kMFr51350nZ9,Vasquez-May,Oklahoma
16WMpA30271sZ4,Le-Thompson,North Dakota
39LrWF14289BZ5,Martin and Sons,Iowa
12IKdG33003NZ4,Simon-Washington,Nevada
29BciA37386oZ7,Bentley PLC,Maryland
49TDNt56239XZ4,"Brown, Flynn and Beltran",Mississippi
77lTMC87020xZ2,Reyes-Atkinson,Georgia
50uexy06388eZ0,Perry Ltd,Georgia
74vehE67338iZ0,"Schmidt, Jackson and Walker",New Hampshire
